{
  "project_info": {
    "project_number": "364876217523",
    "firebase_url": "https://park-me-f0992-default-rtdb.firebaseio.com",
    "project_id": "park-me-f0992",
    "storage_bucket": "park-me-f0992.appspot.com"
  },
  "client": [
    {
      "client_info": {
        "mobilesdk_app_id": "1:364876217523:android:7e3c58c42c4d32c92184c6",
        "android_client_info": {
          "package_name": "com.example.parkme"
        }
      },
      "oauth_client": [
        {
          "client_id": "364876217523-mfq2im776b6vnmstmdeh9clcu0brmpo0.apps.googleusercontent.com",
          "client_type": 3
        }
      ],
      "api_key": [
        {
          "current_key": "AIzaSyAzHaKxx42k5Cpr3h650Z0AzdVIqSCPgTo"
        }
      ],
      "services": {
        "appinvite_service": {
          "other_platform_oauth_client": [
            {
              "client_id": "364876217523-mfq2im776b6vnmstmdeh9clcu0brmpo0.apps.googleusercontent.com",
              "client_type": 3
            }
          ]
        }
      }
    },
    {
      "client_info": {
        "mobilesdk_app_id": "1:364876217523:android:f12d3f2c72bd73572184c6",
        "android_client_info": {
          "package_name": "com.example.parkmeuser"
        }
      },
      "oauth_client": [
        {
          "client_id": "364876217523-mfq2im776b6vnmstmdeh9clcu0brmpo0.apps.googleusercontent.com",
          "client_type": 3
        }
      ],
      "api_key": [
        {
          "current_key": "AIzaSyAzHaKxx42k5Cpr3h650Z0AzdVIqSCPgTo"
        }
      ],
      "services": {
        "appinvite_service": {
          "other_platform_oauth_client": [
            {
              "client_id": "364876217523-mfq2im776b6vnmstmdeh9clcu0brmpo0.apps.googleusercontent.com",
              "client_type": 3
            }
          ]
        }
      }
    }
  ],
  "configuration_version": "1"
}